e,lab
e,lab
e,lab
e,lab
e,lab
e,lab
e,lab
e,lab
e,lab
e,lab
e,lab
e,lab
e,lab
e,lab
e,lab
e,lab
e,lab
e,lab
e,lab
e,lab
e,lab
e,lab
e,lab
e,lab
e,lab
e,lab
e,lab
e,lab
e,lab
e,lab
e,lab
e,lab
e,lab
e,lab
e,lab
e,lab
e,lab
e,lab
e,lab
e,lab
e,lab
e,lab
e,lab
e,lab
e,lab
e,lab
e,lab
e,lab
e,lab
e,lab
e,lab
e,lab
e,lab
e,lab
e,lab
e,lab
e,lab
e,lab
e,lab
e,lab
e,lab
e,lab
e,lab
e,lab
e,lab
e,lab
e,lab
e,lab
e,lab
e,lab
e,lab
e,lab
e,lab
e,lab
e,lab
e,lab
e,lab
e,lab
e,lab
e,lab
e,lab
e,lab
e,lab
e,lab
e,lab
e,lab
e,lab
e,lab
e,lab
e,lab
e,lab
e,lab
e,lab
e,lab
e,lab
e,lab
e,lab
e,lab
e,lab
e,lab
e,lab
e,lab
e,lab
e,lab
e,lab
e,lab
e,lab
e,lab
e,lab
e,lab
e,lab
e,lab
e,lab
e,lab
e,lab
e,lab
e,lab
e,lab
e,lab
e,lab
e,lab
e,lab
e,lab
e,lab
e,lab
e,lab
e,lab
e,lab
e,lab
e,lab
e,lab
e,lab
e,lab
e,lab
e,lab
e,lab
e,lab
e,lab
e,lab
e,lab
e,lab
e,lab
e,lab
e,lab
e,lab
e,lab
e,lab
e,lab
e,lab
e,lab
e,lab
e,lab
e,lab
e,lab
e,lab
e,lab
e,lab
e,lab
e,lab
e,lab
e,lab
e,lab
e,lab
e,lab
e,lab
e,lab
e,lab
e,lab
e,lab
e,lab
e,lab
e,lab
e,lab
e,lab
e,lab
e,lab
e,lab
e,lab
e,lab
e,lab
e,lab
e,lab
e,lab
e,lab
e,lab
e,lab
e,lab
e,lab
e,lab
e,lab
e,lab
e,lab
e,lab
e,lab
e,lab
e,lab
e,lab
e,lab
e,lab
e,lab
e,lab
e,lab
e,lab
e,lab
e,lab
e,lab
e,lab
e,lab
e,lab
e,lab
e,lab
e,lab
e,lab
e,lab
e,lab
e,lab
e,lab
e,lab
e,lab
e,lab
e,lab
e,lab
e,lab
e,lab
e,lab
e,lab
e,lab
e,lab
e,lab
e,lab
e,lab
e,lab
e,lab
e,lab
e,lab
e,lab
e,lab
e,lab
e,lab
e,lab
e,lab
e,lab
e,lab
e,lab
e,lab
e,lab
e,lab
e,lab
e,lab
e,lab
e,lab
e,lab
e,lab
e,lab
e,lab
e,lab
e,lab
e,lab
e,lab
e,lab
e,lab
e,lab
e,lab
e,lab
e,lab
e,lab
e,lab
e,lab
e,lab
e,lab
e,lab
e,lab
e,lab
e,lab
e,lab
e,lab
e,lab
e,lab
e,lab
e,lab
e,lab
e,lab
e,lab
e,lab
e,lab
e,lab
e,lab
e,lab
e,lab
e,lab
e,lab
e,lab
e,lab
e,lab
e,lab
e,lab
e,lab
e,lab
e,lab
e,lab
e,lab
e,lab
e,lab
e,lab
e,lab
e,lab
e,lab
e,lab
e,lab
e,lab
e,lab
e,lab
e,lab
e,lab
e,lab
e,lab
e,lab
e,lab
e,lab
e,lab
e,lab
e,lab
e,lab
e,lab
e,lab
e,lab
e,lab
e,lab
e,lab
e,lab
e,lab
e,lab
e,lab
e,lab
e,lab
e,lab
e,lab
e,lab
e,lab
e,lab
e,lab
e,lab
e,lab
e,lab
e,lab
e,lab
e,lab
e,lab
e,lab
e,lab
e,lab
e,lab
e,lab
e,lab
e,lab
e,lab
e,lab
e,lab
e,lab
e,lab
e,lab
e,lab
e,lab
e,lab
e,lab
e,lab
e,lab
e,lab
e,lab
e,lab
e,lab
e,lab
e,lab
e,lab
e,lab
e,lab
e,lab
e,lab
e,lab
e,lab
e,lab
e,lab
e,lab
e,lab
e,lab
e,lab
e,lab
e,lab
e,lab
e,lab
e,lab
e,lab
e,lab
e,lab
e,lab
e,lab
e,lab
e,lab
e,lab
e,lab
e,lab
e,lab
e,lab
e,lab
e,lab
e,lab
e,lab
e,lab
e,lab
e,lab
e,lab
e,lab
e,lab
e,lab
e,lab
e,lab
e,lab
e,lab
e,lab
e,lab
e,lab
e,lab
e,lab
e,lab
e,lab
e,lab
e,lab
e,lab
e,lab
e,lab
e,lab
e,lab
e,lab
e,lab
e,lab
e,lab
e,lab
e,lab
e,lab
e,lab
e,lab
e,lab
e,lab
e,lab
e,lab
e,lab
e,lab
e,lab
e,lab
e,lab
e,lab
e,lab
e,lab
e,lab
e,lab
e,lab
e,lab
e,lab
e,lab
e,lab
e,lab
e,lab
e,lab
e,lab
e,lab
e,lab
e,lab
e,lab
e,lab
e,lab
e,lab
e,lab
e,lab
e,lab
e,lab
e,lab
e,lab
e,lab
e,lab
e,lab
e,lab
e,lab
e,lab
e,lab
e,lab
e,lab
e,lab
e,lab
e,lab
e,lab
e,lab
e,lab
e,lab
e,lab
e,lab
e,lab
e,lab
e,lab
e,lab
e,lab
e,lab
e,lab
e,lab
e,lab
e,lab
e,lab
e,lab
e,lab
e,lab
e,lab
e,lab
e,lab
e,lab
e,lab
e,lab
e,lab
e,lab
e,lab
e,lab
e,lab
e,lab
e,lab
e,lab
e,lab
e,lab
e,lab
e,lab
e,lab
e,lab
e,lab
e,lab
e,lab
e,lab
e,lab
e,lab
e,lab
e,lab
e,lab
e,lab
e,lab
e,lab
e,lab
e,lab
e,lab
e,lab
e,lab
e,lab
e,lab
e,lab
e,lab
e,lab
e,lab
e,lab
e,lab
e,lab
e,lab
e,lab
e,lab
e,lab
e,lab
e,lab
e,lab
e,lab
e,lab
e,lab
e,lab
e,lab
e,lab
e,lab
e,lab
e,lab
e,lab
e,lab
e,lab
e,lab
e,lab
e,lab
e,lab
e,lab
e,lab
e,lab
e,lab
e,lab
e,lab
e,lab
e,lab
e,lab
e,lab
e,lab
e,lab
e,lab
e,lab
e,lab
e,lab
e,lab
e,lab
e,lab
e,lab
e,lab
e,lab
e,lab
e,lab
e,lab
e,lab
e,lab
e,lab
e,lab
e,lab
e,lab
e,lab
e,lab
e,lab
e,lab
e,lab
e,lab
e,lab
e,lab
e,lab
e,lab
e,lab
e,lab
e,lab
e,lab
e,lab
e,lab
e,lab
e,lab
e,lab
e,lab
e,lab
e,lab
e,lab
e,lab
e,lab
e,lab
e,lab
e,lab
e,lab
e,lab
e,lab
e,lab
e,lab
e,lab
e,lab
e,lab
e,lab
e,lab
e,lab
e,lab
e,lab
e,lab
e,lab
e,lab
e,lab
e,lab
e,lab
e,lab
e,lab
e,lab
e,lab
e,lab
e,lab
e,lab
e,lab
e,lab
e,lab
e,lab
e,lab
e,lab
e,lab
e,lab
e,lab
e,lab
e,lab
e,lab
e,lab
e,lab
e,lab
e,lab
e,lab
e,lab
e,lab
e,lab
e,lab
e,lab
e,lab
e,lab
e,lab
e,lab
e,lab
e,lab
e,lab
e,lab
e,lab
e,lab
e,lab
e,lab
e,lab
e,lab
e,lab
e,lab
e,lab
e,lab
e,lab
e,lab
e,lab
e,lab
e,lab
e,lab
e,lab
e,lab
e,lab
e,lab
e,lab
e,lab
e,lab
e,lab
e,lab
e,lab
e,lab
e,lab
e,lab
e,lab
e,lab
e,lab
e,lab
e,lab
e,lab
e,lab
e,lab
e,lab
e,lab
e,lab
e,lab
e,lab
e,lab
e,lab
e,lab
e,lab
e,lab
e,lab
e,lab
e,lab
e,lab
e,lab
e,lab
e,lab
e,lab
e,lab
e,lab
e,lab
e,lab
e,lab
e,lab
e,lab
e,lab
e,lab
e,lab
e,lab
e,lab
e,lab
e,lab
e,lab
e,lab
e,lab
e,lab
e,lab
e,lab
e,lab
e,lab
e,lab
e,lab
e,lab
e,lab
e,lab
e,lab
e,lab
e,lab
e,lab
e,lab
e,lab
e,lab
e,lab
e,lab
e,lab
e,lab
e,lab
e,lab
e,lab
e,lab
e,lab
e,lab
e,lab
e,lab
e,lab
e,lab
e,lab
e,lab
e,lab
e,lab
e,lab
e,lab
e,lab
e,lab
e,lab
e,lab
e,lab
e,lab
e,lab
e,lab
e,lab
e,lab
e,lab
e,lab
e,lab
e,lab
e,lab
e,lab
e,lab
e,lab
e,lab
e,lab
e,lab
e,lab
e,lab
e,lab
e,lab
e,lab
e,lab
e,lab
e,lab
e,lab
e,lab
e,lab
e,lab
e,lab
e,lab
e,lab
e,lab
e,lab
e,lab
e,lab
e,lab
e,lab
e,lab
e,lab
e,lab
e,lab
e,lab
e,lab
e,lab
e,lab
e,lab
e,lab
e,lab
e,lab
e,lab
e,lab
e,lab
e,lab
e,lab
e,lab
e,lab
e,lab
e,lab
e,lab
e,lab
e,lab
e,lab
e,lab
e,lab
e,lab
e,lab
e,lab
e,lab
e,lab
e,lab
e,lab
e,lab
e,lab
e,lab
e,lab
e,lab
e,lab
e,lab
e,lab
e,lab
e,lab
e,lab
e,lab
e,lab
e,lab
e,lab
e,lab
e,lab
e,lab
e,lab
e,lab
e,lab
e,lab
e,lab
e,lab
e,lab
e,lab
e,lab
e,lab
e,lab
e,lab
e,lab
e,lab
e,lab
e,lab
e,lab
e,lab
e,lab
e,lab
e,lab
e,lab
e,lab
e,lab
e,lab
e,lab
e,lab
e,lab
e,lab
e,lab
e,lab
e,lab
e,lab
e,lab
e,lab
e,lab
e,lab
e,lab
e,lab
e,lab
e,lab
e,lab
e,lab
e,lab
e,lab
e,lab
e,lab
e,lab
e,lab
e,lab
e,lab
e,lab
e,lab
e,lab
e,lab
e,lab
e,lab
e,lab
e,lab
e,lab
e,lab
e,lab
e,lab
e,lab
e,lab
e,lab
e,lab
e,lab
e,lab
e,lab
e,lab
e,lab
e,lab
e,lab
e,lab
e,lab
e,lab
e,lab
e,lab
e,lab
e,lab
e,lab
e,lab
e,lab
e,lab
e,lab
e,lab
e,lab
e,lab
e,lab
e,lab
e,lab
e,lab
e,lab
e,lab
e,lab
e,lab
e,lab
e,lab
e,lab
e,lab
e,lab
e,lab
e,lab
e,lab
e,lab
e,lab
e,lab
e,lab
e,lab
e,lab
e,lab
e,lab
e,lab
e,lab
e,lab
e,lab
e,lab
e,lab
e,lab
e,lab
e,lab
e,lab
e,lab
e,lab
e,lab
e,lab
e,lab
e,lab
e,lab
e,lab
e,lab
e,lab
e,lab
e,lab
e,lab
e,lab
e,lab
e,lab
e,lab
e,lab
e,lab
e,lab
e,lab
e,lab
e,lab
e,lab
e,lab
e,lab
e,lab
e,lab
e,lab
e,lab
e,lab
e,lab
e,lab
e,lab
e,lab
e,lab
e,lab
e,lab
e,lab
e,lab
e,lab
e,lab
e,lab
e,lab
e,lab
e,lab
e,lab
e,lab
e,lab
e,lab
e,lab
e,lab
e,lab
e,lab
e,lab
e,lab
e,lab
e,lab
e,lab
e,lab
e,lab
e,lab
e,lab
e,lab
e,lab
e,lab
e,lab
e,lab
e,lab
e,lab
e,lab
e,lab
e,lab
e,lab
e,lab
e,lab
e,lab
e,lab
e,lab
e,lab
e,lab
e,lab
e,lab
e,lab
e,lab
e,lab
e,lab
e,lab
e,lab
e,lab
e,lab
e,lab
e,lab
e,lab
e,lab
e,lab
e,lab
e,lab
e,lab
e,lab
e,lab
e,lab
e,lab
e,lab
e,lab
e,lab
e,lab
e,lab
e,lab
e,lab
e,lab
e,lab
e,lab
e,lab
e,lab
e,lab
e,lab
e,lab
e,lab
e,lab
e,lab
e,lab
e,lab
e,lab
e,lab
e,lab
e,lab
e,lab
e,lab
e,lab
e,lab
e,lab
e,lab
e,lab
e,lab
e,lab
e,lab
e,lab
e,lab
e,lab
e,lab
e,lab
e,lab
e,lab
e,lab
e,lab
e,lab
e,lab
e,lab
e,lab
e,lab
e,lab
e,lab
e,lab
e,lab
e,lab
e,lab
e,lab
e,lab
e,lab
e,lab
e,lab
e,lab
e,lab
e,lab
e,lab
e,lab
e,lab
e,lab
e,lab
e,lab
e,lab
e,lab
e,lab
e,lab
e,lab
e,lab
e,lab
e,lab
e,lab
e,lab
e,lab
e,lab
e,lab
e,lab
e,lab
e,lab
e,lab
e,lab
e,lab
e,lab
e,lab
e,lab
e,lab
e,lab
e,lab
e,lab
e,lab
e,lab
e,lab
e,lab
e,lab
e,lab
e,lab
e,lab
e,lab
e,lab
e,lab
e,lab
e,lab
e,lab
e,lab
e,lab
e,lab
e,lab
e,lab
e,lab
e,lab
e,lab
e,lab
e,lab
e,lab
e,lab
e,lab
e,lab
e,lab
e,lab
e,lab
e,lab
e,lab
e,lab
e,lab
e,lab
e,lab
e,lab
e,lab
e,lab
e,lab
e,lab
e,lab
e,lab
e,lab
e,lab
e,lab
e,lab
e,lab
e,lab
e,lab
e,lab
e,lab
e,lab
e,lab
e,lab
e,lab
e,lab
e,lab
e,lab
e,lab
e,lab
e,lab
e,lab
e,lab
e,lab
e,lab
e,lab
e,lab
e,lab
e,lab
e,lab
e,lab
e,lab
e,lab
e,lab
e,lab
e,lab
e,lab
e,lab
e,lab
e,lab
e,lab
e,lab
e,lab
e,lab
e,lab
e,lab
e,lab
e,lab
e,lab
e,lab
e,lab
e,lab
e,lab
e,lab
e,lab
e,lab
e,lab
e,lab
e,lab
e,lab
e,lab
e,lab
e,lab
e,lab
e,lab
e,lab
e,lab
e,lab
e,lab
e,lab
e,lab
e,lab
e,lab
e,lab
e,lab
e,lab
e,lab
e,lab
e,lab
e,lab
e,lab
e,lab
e,lab
e,lab
e,lab
e,lab
e,lab
e,lab
e,lab
e,lab
e,lab
e,lab
e,lab
e,lab
e,lab
e,lab
e,lab
e,lab
e,lab
e,lab
e,lab
e,lab
e,lab
e,lab
e,lab
e,lab
e,lab
e,lab
e,lab
e,lab
e,lab
e,lab
e,lab
e,lab
e,lab
e,lab
e,lab
e,lab
e,lab
e,lab
e,lab
e,lab
e,lab
e,lab
e,lab
e,lab
e,lab
e,lab
e,lab
e,lab
e,lab
e,lab
e,lab
e,lab
e,lab
e,lab
e,lab
e,lab
e,lab
e,lab
e,lab
e,lab
e,lab
e,lab
e,lab
e,lab
e,lab
e,lab
e,lab
e,lab
e,lab
e,lab
e,lab
e,lab
e,lab
e,lab
e,lab
e,lab
e,lab
e,lab
e,lab
e,lab
e,lab
e,lab
e,lab
e,lab
e,lab
e,lab
e,lab
e,lab
e,lab
e,lab
e,lab
e,lab
e,lab
e,lab
e,lab
e,lab
e,lab
e,lab
e,lab
e,lab
e,lab
e,lab
e,lab
e,lab
e,lab
e,lab
e,lab
e,lab
e,lab
e,lab
e,lab
e,lab
e,lab
e,lab
e,lab
e,lab
e,lab
e,lab
e,lab
e,lab
e,lab
e,lab
e,lab
e,lab
e,lab
e,lab
e,lab
e,lab
e,lab
e,lab
e,lab
e,lab
e,lab
e,lab
e,lab
e,lab
e,lab
e,lab
e,lab
e,lab
e,lab
e,lab
e,lab
e,lab
e,lab
e,lab
e,lab
e,lab
e,lab
e,lab
e,lab
e,lab
e,lab
e,lab
e,lab
e,lab
e,lab
e,lab
e,lab
e,lab
e,lab
e,lab
e,lab
e,lab
e,lab
e,lab
e,lab
e,lab
e,lab
e,lab
e,lab
e,lab
e,lab
e,lab
e,lab
e,lab
e,lab
e,lab
e,lab
e,lab
e,lab
e,lab
e,lab
e,lab
e,lab
e,lab
e,lab
e,lab
e,lab
e,lab
e,lab
e,lab
e,lab
e,lab
e,lab
e,lab
e,lab
e,lab
e,lab
e,lab
e,lab
e,lab
e,lab
e,lab
e,lab
e,lab
e,lab
e,lab
e,lab
e,lab
e,lab
e,lab
e,lab
e,lab
e,lab
e,lab
e,lab
e,lab
e,lab
e,lab
e,lab
e,lab
e,lab
e,lab
e,lab
e,lab
e,lab
e,lab
e,lab
e,lab
e,lab
e,lab
e,lab
e,lab
e,lab
e,lab
e,lab
e,lab
e,lab
e,lab
e,lab
e,lab
e,lab
e,lab
e,lab
e,lab
e,lab
e,lab
e,lab
e,lab
e,lab
e,lab
e,lab
e,lab
e,lab
e,lab
e,lab
e,lab
e,lab
e,lab
e,lab
e,lab
e,lab
e,lab
e,lab
e,lab
e,lab
e,lab
e,lab
e,lab
e,lab
e,lab
e,lab
e,lab
e,lab
e,lab
e,lab
e,lab
e,lab
e,lab
e,lab
e,lab
e,lab
e,lab
e,lab
e,lab
e,lab
e,lab
e,lab
e,lab
e,lab
e,lab
e,lab
e,lab
e,lab
e,lab
e,lab
e,lab
e,lab
e,lab
e,lab
e,lab
e,lab
e,lab
e,lab
e,lab
e,lab
e,lab
e,lab
e,lab
e,lab
e,lab
e,lab
e,lab
e,lab
e,lab
e,lab
e,lab
e,lab
e,lab
e,lab
e,lab
e,lab
e,lab
e,lab
e,lab
e,lab
e,lab
e,lab
e,lab
e,lab
e,lab
e,lab
e,lab
e,lab
e,lab
e,lab
e,lab
e,lab
e,lab
e,lab
e,lab
e,lab
e,lab
e,lab
e,lab
e,lab
e,lab
e,lab
e,lab
e,lab
e,lab
e,lab
e,lab
e,lab
e,lab
e,lab
e,lab
e,lab
e,lab
e,lab
e,lab
e,lab
e,lab
e,lab
e,lab
e,lab
e,lab
e,lab
e,lab
e,lab
e,lab
e,lab
e,lab
e,lab
e,lab
e,lab
e,lab
e,lab
e,lab
e,lab
e,lab
e,lab
e,lab
e,lab
e,lab
e,lab
e,lab
e,lab
e,lab
e,lab
e,lab
e,lab
e,lab
e,lab
e,lab
e,lab
e,lab
e,lab
e,lab
e,lab
e,lab
e,lab
e,lab
e,lab
e,lab
e,lab
e,lab
e,lab
e,lab
e,lab
e,lab
e,lab
e,lab
e,lab
e,lab
e,lab
e,lab
e,lab
e,lab
e,lab
e,lab
e,lab
e,lab
e,lab
e,lab
e,lab
e,lab
e,lab
e,lab
e,lab
e,lab
e,lab
e,lab
e,lab
e,lab
e,lab
e,lab
e,lab
e,lab
e,lab
e,lab
e,lab
e,lab
e,lab
e,lab
e,lab
e,lab
e,lab
e,lab
e,lab
e,lab
e,lab
e,lab
e,lab
e,lab
e,lab
e,lab
e,lab
e,lab
e,lab
e,lab
e,lab
e,lab
e,lab
e,lab
e,lab
e,lab
e,lab
e,lab
e,lab
e,lab
e,lab
e,lab
e,lab
e,lab
e,lab
e,lab
e,lab
e,lab
e,lab
e,lab
e,lab
e,lab
e,lab
e,lab
e,lab
e,lab
e,lab
e,lab
e,lab
e,lab
e,lab
e,lab
e,lab
e,lab
e,lab
e,lab
e,lab
e,lab
e,lab
e,lab
e,lab
e,lab
e,lab
e,lab
e,lab
e,lab
e,lab
e,lab
e,lab
e,lab
e,lab
e,lab
e,lab
e,lab
e,lab
e,lab
e,lab
e,lab
e,lab
e,lab
e,lab
e,lab
e,lab
e,lab
e,lab
e,lab
e,lab
e,lab
e,lab
e,lab
e,lab
e,lab
e,lab
e,lab
e,lab
e,lab
e,lab
e,lab
e,lab
e,lab
e,lab
e,lab
e,lab
e,lab
e,lab
e,lab
e,lab
e,lab
e,lab
e,lab
e,lab
e,lab
e,lab
e,lab
e,lab
e,lab
e,lab
e,lab
e,lab
e,lab
e,lab
e,lab
e,lab
e,lab
e,lab
e,lab
e,lab
e,lab
e,lab
e,lab
e,lab
e,lab
e,lab
e,lab
e,lab
e,lab
e,lab
e,lab
e,lab
e,lab
e,lab
e,lab
e,lab
e,lab
e,lab
e,lab
e,lab
e,lab
e,lab
e,lab
e,lab
e,lab
e,lab
e,lab
e,lab
e,lab
e,lab
e,lab
e,lab
e,lab
e,lab
e,lab
e,lab
e,lab
e,lab
e,lab
e,lab
e,lab
e,lab
e,lab
e,lab
e,lab
e,lab
e,lab
e,lab
e,lab
e,lab
e,lab
e,lab
e,lab
e,lab
e,lab
e,lab
e,lab
e,lab
e,lab
e,lab
e,lab
e,lab
e,lab
e,lab
e,lab
e,lab
e,lab
e,lab
e,lab
e,lab
e,lab
e,lab
e,lab
e,lab
e,lab
e,lab
e,lab
e,lab
e,lab
e,lab
e,lab
e,lab
e,lab
e,lab
e,lab
e,lab
e,lab
e,lab
e,lab
e,lab
e,lab
e,lab
e,lab
e,lab
e,lab
e,lab
e,lab
e,lab
e,lab
e,lab
e,lab
e,lab
e,lab
e,lab
e,lab
e,lab
e,lab
e,lab
e,lab
e,lab
e,lab
e,lab
e,lab
e,lab
e,lab
e,lab
e,lab
e,lab
e,lab
e,lab
e,lab
e,lab
e,lab
e,lab
e,lab
e,lab
e,lab
e,lab
e,lab
e,lab
e,lab
e,lab
e,lab
e,lab
e,lab
e,lab
e,lab
e,lab
e,lab
e,lab
e,lab
e,lab
e,lab
e,lab
e,lab
e,lab
e,lab
e,lab
e,lab
e,lab
e,lab
e,lab
e,lab
e,lab
e,lab
e,lab
e,lab
e,lab
e,lab
e,lab
e,lab
e,lab
e,lab
e,lab
e,lab
e,lab
e,lab
e,lab
e,lab
e,lab
e,lab
e,lab
e,lab
e,lab
e,lab
e,lab
e,lab
e,lab
e,lab
e,lab
e,lab
e,lab
e,lab
e,lab
e,lab
e,lab
e,lab
e,lab
e,lab
e,lab
e,lab
e,lab
e,lab
e,lab
e,lab
e,lab
e,lab
e,lab
e,lab
e,lab
e,lab
e,lab
e,lab
e,lab
e,lab
e,lab
e,lab
e,lab
e,lab
e,lab
e,lab
e,lab
e,lab
e,lab
e,lab
e,lab
e,lab
e,lab
e,lab
e,lab
e,lab
e,lab
e,lab
e,lab
e,lab
e,lab
e,lab
e,lab
e,lab
e,lab
e,lab
e,lab
e,lab
e,lab
e,lab
e,lab
e,lab
e,lab
e,lab
e,lab
e,lab
e,lab
e,lab
e,lab
e,lab
e,lab
e,lab
e,lab
e,lab
e,lab
e,lab
e,lab
e,lab
e,lab
e,lab
e,lab
e,lab
e,lab
e,lab
e,lab
e,lab
e,lab
e,lab
e,lab
e,lab
e,lab
e,lab
e,lab
e,lab
e,lab
e,lab
e,lab
e,lab
e,lab
e,lab
e,lab
e,lab
e,lab
e,lab
e,lab
e,lab
e,lab
e,lab
e,lab
e,lab
e,lab
e,lab
e,lab
e,lab
e,lab
e,lab
e,lab
e,lab
e,lab
e,lab
e,lab
e,lab
e,lab
e,lab
e,lab
e,lab
e,lab
e,lab
e,lab
e,lab
e,lab
e,lab
e,lab
e,lab
e,lab
e,lab
e,lab
e,lab
e,lab
e,lab
e,lab
e,lab
e,lab
e,lab
e,lab
e,lab
e,lab
e,lab
e,lab
e,lab
e,lab
e,lab
e,lab
e,lab
e,lab
e,lab
e,lab
e,lab
e,lab
e,lab
e,lab
e,lab
e,lab
e,lab
e,lab
e,lab
e,lab
e,lab
e,lab
e,lab
e,lab
e,lab
e,lab
e,lab
e,lab
e,lab
e,lab
e,lab
e,lab
e,lab
e,lab
e,lab
e,lab
e,lab
e,lab
e,lab
e,lab
e,lab
e,lab
e,lab
e,lab
e,lab
e,lab
e,lab
e,lab
e,lab
e,lab
e,lab
e,lab
e,lab
e,lab
e,lab
e,lab
e,lab
e,lab
e,lab
e,lab
e,lab
e,lab
e,lab
e,lab
e,lab
e,lab
e,lab
e,lab
e,lab
e,lab
e,lab
e,lab
e,lab
e,lab
e,lab
e,lab
e,lab
e,lab
e,lab
e,lab
e,lab
e,lab
e,lab
e,lab
e,lab
e,lab
e,lab
e,lab
e,lab
e,lab
e,lab
e,lab
e,lab
e,lab
e,lab
e,lab
e,lab
e,lab
e,lab
e,lab
e,lab
e,lab
e,lab
e,lab
e,lab
e,lab
e,lab
e,lab
e,lab
e,lab
e,lab
e,lab
e,lab
e,lab
e,lab
e,lab
e,lab
e,lab
e,lab
e,lab
e,lab
e,lab
e,lab
e,lab
e,lab
e,lab
e,lab
e,lab
e,lab
e,lab
e,lab
e,lab
e,lab
e,lab
e,lab
e,lab
e,lab
e,lab
e,lab
e,lab
e,lab
e,lab
e,lab
e,lab
e,lab
e,lab
e,lab
e,lab
e,lab
e,lab
e,lab
e,lab
e,lab
e,lab
e,lab
e,lab
e,lab
e,lab
e,lab
e,lab
e,lab
e,lab
e,lab
e,lab
e,lab
e,lab
e,lab
e,lab
e,lab
e,lab
e,lab
e,lab
e,lab
e,lab
e,lab
e,lab
e,lab
e,lab
e,lab
e,lab
e,lab
e,lab
e,lab
e,lab
e,lab
e,lab
e,lab
e,lab
e,lab
e,lab
e,lab
e,lab
e,lab
e,lab
e,lab
e,lab
e,lab
e,lab
e,lab
e,lab
e,lab
e,lab
e,lab
e,lab
e,lab
e,lab
e,lab
e,lab
e,lab
e,lab
e,lab
e,lab
e,lab
e,lab
e,lab
e,lab
e,lab
e,lab
e,lab
e,lab
e,lab
e,lab
e,lab
e,lab
e,lab
e,lab
e,lab
e,lab
e,lab
e,lab
e,lab
e,lab
e,lab
e,lab
e,lab
e,lab
e,lab
e,lab
e,lab
e,lab
e,lab
e,lab
e,lab
e,lab
e,lab
e,lab
e,lab
e,lab
e,lab
e,lab
e,lab
e,lab
e,lab
e,lab
e,lab
e,lab
e,lab
e,lab
e,lab
e,lab
e,lab
e,lab
e,lab
e,lab
e,lab
e,lab
e,lab
e,lab
e,lab
e,lab
e,lab
e,lab
e,lab
e,lab
e,lab
e,lab
e,lab
e,lab
e,lab
e,lab
e,lab
e,lab
e,lab
e,lab
e,lab
e,lab
e,lab
e,lab
e,lab
e,lab
e,lab
e,lab
e,lab
e,lab
e,lab
e,lab
e,lab
e,lab
e,lab
e,lab
e,lab
e,lab
e,lab
e,lab
e,lab
e,lab
e,lab
e,lab
e,lab
e,lab
e,lab
e,lab
e,lab
e,lab
e,lab
e,lab
e,lab
e,lab
e,lab
e,lab
e,lab
e,lab
e,lab
e,lab
e,lab
e,lab
e,lab
e,lab
e,lab
e,lab
e,lab
e,lab
e,lab
e,lab
e,lab
e,lab
e,lab
e,lab
e,lab
e,lab
e,lab
e,lab
e,lab
e,lab
e,lab
e,lab
e,lab
e,lab
e,lab
e,lab
e,lab
e,lab
e,lab
e,lab
e,lab
e,lab
e,lab
e,lab
e,lab
e,lab
e,lab
e,lab
e,lab
e,lab
e,lab
e,lab
e,lab
e,lab
e,lab
e,lab
e,lab
e,lab
e,lab
e,lab
e,lab
e,lab
e,lab
e,lab
e,lab
e,lab
e,lab
e,lab
e,lab
e,lab
e,lab
e,lab
e,lab
e,lab
e,lab
e,lab
e,lab
e,lab
e,lab
e,lab
e,lab
e,lab
e,lab
e,lab
e,lab
e,lab
e,lab
e,lab
e,lab
e,lab
e,lab
e,lab
e,lab
e,lab
e,lab
e,lab
e,lab
e,lab
e,lab
e,lab
e,lab
e,lab
e,lab
e,lab
e,lab
e,lab
e,lab
e,lab
e,lab
e,lab
e,lab
e,lab
e,lab
e,lab
e,lab
e,lab
e,lab
e,lab
e,lab
e,lab
e,lab
e,lab
e,lab
e,lab
e,lab
e,lab
e,lab
e,lab
e,lab
e,lab
e,lab
e,lab
e,lab
e,lab
e,lab
e,lab
e,lab
e,lab
e,lab
e,lab
e,lab
e,lab
e,lab
e,lab
e,lab
e,lab
e,lab
e,lab
e,lab
e,lab
e,lab
e,lab
e,lab
e,lab
e,lab
e,lab
e,lab
e,lab
e,lab
e,lab
e,lab
e,lab
e,lab
e,lab
e,lab
e,lab
e,lab
e,lab
e,lab
e,lab
e,lab
e,lab
e,lab
e,lab
e,lab
e,lab
e,lab
e,lab
e,lab
e,lab
e,lab
e,lab
e,lab
e,lab
e,lab
e,lab
e,lab
e,lab
e,lab
e,lab
e,lab
e,lab
e,lab
e,lab
e,lab
e,lab
e,lab
e,lab
e,lab
e,lab
e,lab
e,lab
e,lab
e,lab
e,lab
e,lab
e,lab
e,lab
e,lab
e,lab
e,lab
e,lab
e,lab
e,lab
e,lab
e,lab
e,lab
e,lab
e,lab
e,lab
e,lab
e,lab
e,lab
e,lab
e,lab
e,lab
e,lab
e,lab
e,lab
e,lab
e,lab
e,lab
e,lab
e,lab
e,lab
e,lab
e,lab
e,lab
e,lab
e,lab
e,lab
e,lab
e,lab
e,lab
e,lab
e,lab
e,lab
e,lab
e,lab
e,lab
e,lab
e,lab
e,lab
e,lab
e,lab
e,lab
e,lab
e,lab
e,lab
e,lab
e,lab
e,lab
e,lab
e,lab
e,lab
e,lab
e,lab
e,lab
e,lab
e,lab
e,lab
e,lab
e,lab
e,lab
e,lab
e,lab
e,lab
e,lab
e,lab
e,lab
e,lab
e,lab
e,lab
e,lab
e,lab
e,lab
e,lab
e,lab
e,lab
e,lab
e,lab
e,lab
e,lab
e,lab
e,lab
e,lab
e,lab
e,lab
e,lab
e,lab
e,lab
e,lab
e,lab
e,lab
e,lab
e,lab
e,lab
e,lab
e,lab
e,lab
e,lab
e,lab
e,lab
e,lab
e,lab
e,lab
e,lab
e,lab
e,lab
e,lab
e,lab
e,lab
e,lab
e,lab
e,lab
e,lab
e,lab
e,lab
e,lab
e,lab
e,lab
e,lab
e,lab
e,lab
e,lab
e,lab
e,lab
e,lab
e,lab
e,lab
e,lab
e,lab
e,lab
e,lab
e,lab
e,lab
e,lab
e,lab
e,lab
e,lab
e,lab
e,lab
e,lab
e,lab
e,lab
e,lab
e,lab
e,lab
e,lab
e,lab
e,lab
e,lab
e,lab
e,lab
e,lab
e,lab
e,lab
e,lab
e,lab
e,lab
e,lab
e,lab
e,lab
e,lab
e,lab
e,lab
e,lab
e,lab
e,lab
e,lab
e,lab
e,lab
e,lab
e,lab
e,lab
e,lab
e,lab
e,lab
e,lab
e,lab
e,lab
e,lab
e,lab
e,lab
e,lab
e,lab
e,lab
e,lab
e,lab
e,lab
e,lab
e,lab
e,lab
e,lab
e,lab
e,lab
e,lab
e,lab
e,lab
e,lab
e,lab
e,lab
e,lab
e,lab
e,lab
e,lab
e,lab
e,lab
e,lab
e,lab
e,lab
e,lab
e,lab
e,lab
e,lab
e,lab
e,lab
e,lab
e,lab
e,lab
e,lab
e,lab
e,lab
e,lab
e,lab
e,lab
e,lab
e,lab
e,lab
e,lab
e,lab
e,lab
e,lab
e,lab
e,lab
e,lab
e,lab
e,lab
e,lab
e,lab
e,lab
e,lab
e,lab
e,lab
e,lab
e,lab
